[
  {
    "Constant" : [
      {
        "def" : "Spacer.settingsKey",
        "stripped_doc" : [
          "Key used for persisting space names between Hammerspoon launches via hs.settings."
        ],
        "doc" : "Key used for persisting space names between Hammerspoon launches via hs.settings.",
        "desc" : "Key used for persisting space names between Hammerspoon launches via hs.settings.",
        "notes" : [

        ],
        "signature" : "Spacer.settingsKey",
        "type" : "Constant",
        "returns" : [

        ],
        "name" : "settingsKey",
        "parameters" : [

        ]
      }
    ],
    "submodules" : [

    ],
    "Function" : [

    ],
    "Variable" : [
      {
        "def" : "Spacer.defaultHotkeys",
        "stripped_doc" : [
          "Default hotkey to use for the space chooser when \"hotkeys\" ="
        ],
        "doc" : "Default hotkey to use for the space chooser when \"hotkeys\" =",
        "desc" : "Default hotkey to use for the space chooser when \"hotkeys\" =",
        "notes" : [

        ],
        "signature" : "Spacer.defaultHotkeys",
        "type" : "Variable",
        "returns" : [

        ],
        "name" : "defaultHotkeys",
        "parameters" : [

        ]
      },
      {
        "def" : "Spacer.logger",
        "stripped_doc" : [
          "Logger object used within the Spoon. Can be accessed to set the default log ",
          "level for the messages coming from the Spoon."
        ],
        "doc" : "Logger object used within the Spoon. Can be accessed to set the default log \nlevel for the messages coming from the Spoon.",
        "desc" : "Logger object used within the Spoon. Can be accessed to set the default log",
        "notes" : [

        ],
        "signature" : "Spacer.logger",
        "type" : "Variable",
        "returns" : [

        ],
        "name" : "logger",
        "parameters" : [

        ]
      },
      {
        "def" : "Spacer.logLevel",
        "stripped_doc" : [
          "Spacer specific log level override, see hs.logger.setLogLevel for options."
        ],
        "doc" : "Spacer specific log level override, see hs.logger.setLogLevel for options.",
        "desc" : "Spacer specific log level override, see hs.logger.setLogLevel for options.",
        "notes" : [

        ],
        "signature" : "Spacer.logLevel",
        "type" : "Variable",
        "returns" : [

        ],
        "name" : "logLevel",
        "parameters" : [

        ]
      },
      {
        "def" : "Spacer.menuBar",
        "stripped_doc" : [
          "hs.menubar representing the menu bar for Spacer."
        ],
        "doc" : "hs.menubar representing the menu bar for Spacer.",
        "desc" : "hs.menubar representing the menu bar for Spacer.",
        "notes" : [

        ],
        "signature" : "Spacer.menuBar",
        "type" : "Variable",
        "returns" : [

        ],
        "name" : "menuBar",
        "parameters" : [

        ]
      },
      {
        "def" : "Spacer.spaceWatcher",
        "stripped_doc" : [
          "hs.spaces.watcher instance used for monitoring for space changes."
        ],
        "doc" : "hs.spaces.watcher instance used for monitoring for space changes.",
        "desc" : "hs.spaces.watcher instance used for monitoring for space changes.",
        "notes" : [

        ],
        "signature" : "Spacer.spaceWatcher",
        "type" : "Variable",
        "returns" : [

        ],
        "name" : "spaceWatcher",
        "parameters" : [

        ]
      },
      {
        "def" : "Spacer.spaceNames",
        "stripped_doc" : [
          "Table with key-value mapping of Space ID to it's user set name."
        ],
        "doc" : "Table with key-value mapping of Space ID to it's user set name.",
        "desc" : "Table with key-value mapping of Space ID to it's user set name.",
        "notes" : [

        ],
        "signature" : "Spacer.spaceNames",
        "type" : "Variable",
        "returns" : [

        ],
        "name" : "spaceNames",
        "parameters" : [

        ]
      },
      {
        "def" : "Spacer.orderedSpaces",
        "stripped_doc" : [
          "Table holding an ordered list of space IDs, which is then used to resolve",
          "actual space names for IDs from Spacer.spaceNames."
        ],
        "doc" : "Table holding an ordered list of space IDs, which is then used to resolve\nactual space names for IDs from Spacer.spaceNames.",
        "desc" : "Table holding an ordered list of space IDs, which is then used to resolve",
        "notes" : [

        ],
        "signature" : "Spacer.orderedSpaces",
        "type" : "Variable",
        "returns" : [

        ],
        "name" : "orderedSpaces",
        "parameters" : [

        ]
      },
      {
        "def" : "Spacer.orderedSpaceNames",
        "stripped_doc" : [
          "Table with an ordered list of the space names, which is used when loading",
          "the menubar, as well as persisted to and from hs.settings between loads."
        ],
        "doc" : "Table with an ordered list of the space names, which is used when loading\nthe menubar, as well as persisted to and from hs.settings between loads.",
        "desc" : "Table with an ordered list of the space names, which is used when loading",
        "notes" : [

        ],
        "signature" : "Spacer.orderedSpaceNames",
        "type" : "Variable",
        "returns" : [

        ],
        "name" : "orderedSpaceNames",
        "parameters" : [

        ]
      },
      {
        "def" : "Spacer.focusedSpace",
        "stripped_doc" : [
          "int with the ID of the currently focused space."
        ],
        "doc" : "int with the ID of the currently focused space.",
        "desc" : "int with the ID of the currently focused space.",
        "notes" : [

        ],
        "signature" : "Spacer.focusedSpace",
        "type" : "Variable",
        "returns" : [

        ],
        "name" : "focusedSpace",
        "parameters" : [

        ]
      },
      {
        "def" : "Spacer.spaceChooser",
        "stripped_doc" : [
          "hs.chooser object representing the Space chooser."
        ],
        "doc" : "hs.chooser object representing the Space chooser.",
        "desc" : "hs.chooser object representing the Space chooser.",
        "notes" : [

        ],
        "signature" : "Spacer.spaceChooser",
        "type" : "Variable",
        "returns" : [

        ],
        "name" : "spaceChooser",
        "parameters" : [

        ]
      }
    ],
    "stripped_doc" : [

    ],
    "Deprecated" : [

    ],
    "type" : "Module",
    "desc" : "Name and switch Mission Control spaces in the menu bar",
    "Constructor" : [

    ],
    "doc" : "Name and switch Mission Control spaces in the menu bar\n\nDownload: [Spacer.spoon.zip](https:\/\/github.com\/adammillerio\/Spoons\/raw\/main\/Spoons\/Spacer.spoon.zip)\n\nREADME: [README.md](https:\/\/github.com\/adammillerio\/Spacer.spoon\/blob\/main\/README.md)\n\nSpace names can be changed from the menubar by holding Alt while selecting\nthe desired space to rename. These are persisted between launches via the\nhs.settings module.",
    "Method" : [
      {
        "def" : "Spacer:init()",
        "stripped_doc" : [
          "Spoon initializer method for Spacer.",
          ""
        ],
        "doc" : "Spoon initializer method for Spacer.\n\nParameters:\n * None\n\nReturns:\n * None",
        "desc" : "Spoon initializer method for Spacer.",
        "notes" : [

        ],
        "signature" : "Spacer:init()",
        "type" : "Method",
        "returns" : [
          " * None"
        ],
        "name" : "init",
        "parameters" : [
          " * None",
          ""
        ]
      },
      {
        "def" : "Spacer:start()",
        "stripped_doc" : [
          "Spoon start method for Spacer. Creates\/starts menu bar item and space watcher.",
          ""
        ],
        "doc" : "Spoon start method for Spacer. Creates\/starts menu bar item and space watcher.\n\nParameters:\n * None\n\nReturns:\n * None",
        "desc" : "Spoon start method for Spacer. Creates\/starts menu bar item and space watcher.",
        "notes" : [

        ],
        "signature" : "Spacer:start()",
        "type" : "Method",
        "returns" : [
          " * None"
        ],
        "name" : "start",
        "parameters" : [
          " * None",
          ""
        ]
      },
      {
        "def" : "Spacer:stop()",
        "stripped_doc" : [
          "Spoon stop method for Spacer. Deletes menu bar item and stops space watcher.",
          ""
        ],
        "doc" : "Spoon stop method for Spacer. Deletes menu bar item and stops space watcher.\n\nParameters:\n * None\n\nReturns:\n * None",
        "desc" : "Spoon stop method for Spacer. Deletes menu bar item and stops space watcher.",
        "notes" : [

        ],
        "signature" : "Spacer:stop()",
        "type" : "Method",
        "returns" : [
          " * None"
        ],
        "name" : "stop",
        "parameters" : [
          " * None",
          ""
        ]
      }
    ],
    "Field" : [

    ],
    "items" : [
      {
        "def" : "Spacer.settingsKey",
        "stripped_doc" : [
          "Key used for persisting space names between Hammerspoon launches via hs.settings."
        ],
        "doc" : "Key used for persisting space names between Hammerspoon launches via hs.settings.",
        "desc" : "Key used for persisting space names between Hammerspoon launches via hs.settings.",
        "notes" : [

        ],
        "signature" : "Spacer.settingsKey",
        "type" : "Constant",
        "returns" : [

        ],
        "name" : "settingsKey",
        "parameters" : [

        ]
      },
      {
        "def" : "Spacer.defaultHotkeys",
        "stripped_doc" : [
          "Default hotkey to use for the space chooser when \"hotkeys\" ="
        ],
        "doc" : "Default hotkey to use for the space chooser when \"hotkeys\" =",
        "desc" : "Default hotkey to use for the space chooser when \"hotkeys\" =",
        "notes" : [

        ],
        "signature" : "Spacer.defaultHotkeys",
        "type" : "Variable",
        "returns" : [

        ],
        "name" : "defaultHotkeys",
        "parameters" : [

        ]
      },
      {
        "def" : "Spacer.focusedSpace",
        "stripped_doc" : [
          "int with the ID of the currently focused space."
        ],
        "doc" : "int with the ID of the currently focused space.",
        "desc" : "int with the ID of the currently focused space.",
        "notes" : [

        ],
        "signature" : "Spacer.focusedSpace",
        "type" : "Variable",
        "returns" : [

        ],
        "name" : "focusedSpace",
        "parameters" : [

        ]
      },
      {
        "def" : "Spacer.logLevel",
        "stripped_doc" : [
          "Spacer specific log level override, see hs.logger.setLogLevel for options."
        ],
        "doc" : "Spacer specific log level override, see hs.logger.setLogLevel for options.",
        "desc" : "Spacer specific log level override, see hs.logger.setLogLevel for options.",
        "notes" : [

        ],
        "signature" : "Spacer.logLevel",
        "type" : "Variable",
        "returns" : [

        ],
        "name" : "logLevel",
        "parameters" : [

        ]
      },
      {
        "def" : "Spacer.logger",
        "stripped_doc" : [
          "Logger object used within the Spoon. Can be accessed to set the default log ",
          "level for the messages coming from the Spoon."
        ],
        "doc" : "Logger object used within the Spoon. Can be accessed to set the default log \nlevel for the messages coming from the Spoon.",
        "desc" : "Logger object used within the Spoon. Can be accessed to set the default log",
        "notes" : [

        ],
        "signature" : "Spacer.logger",
        "type" : "Variable",
        "returns" : [

        ],
        "name" : "logger",
        "parameters" : [

        ]
      },
      {
        "def" : "Spacer.menuBar",
        "stripped_doc" : [
          "hs.menubar representing the menu bar for Spacer."
        ],
        "doc" : "hs.menubar representing the menu bar for Spacer.",
        "desc" : "hs.menubar representing the menu bar for Spacer.",
        "notes" : [

        ],
        "signature" : "Spacer.menuBar",
        "type" : "Variable",
        "returns" : [

        ],
        "name" : "menuBar",
        "parameters" : [

        ]
      },
      {
        "def" : "Spacer.orderedSpaceNames",
        "stripped_doc" : [
          "Table with an ordered list of the space names, which is used when loading",
          "the menubar, as well as persisted to and from hs.settings between loads."
        ],
        "doc" : "Table with an ordered list of the space names, which is used when loading\nthe menubar, as well as persisted to and from hs.settings between loads.",
        "desc" : "Table with an ordered list of the space names, which is used when loading",
        "notes" : [

        ],
        "signature" : "Spacer.orderedSpaceNames",
        "type" : "Variable",
        "returns" : [

        ],
        "name" : "orderedSpaceNames",
        "parameters" : [

        ]
      },
      {
        "def" : "Spacer.orderedSpaces",
        "stripped_doc" : [
          "Table holding an ordered list of space IDs, which is then used to resolve",
          "actual space names for IDs from Spacer.spaceNames."
        ],
        "doc" : "Table holding an ordered list of space IDs, which is then used to resolve\nactual space names for IDs from Spacer.spaceNames.",
        "desc" : "Table holding an ordered list of space IDs, which is then used to resolve",
        "notes" : [

        ],
        "signature" : "Spacer.orderedSpaces",
        "type" : "Variable",
        "returns" : [

        ],
        "name" : "orderedSpaces",
        "parameters" : [

        ]
      },
      {
        "def" : "Spacer.spaceChooser",
        "stripped_doc" : [
          "hs.chooser object representing the Space chooser."
        ],
        "doc" : "hs.chooser object representing the Space chooser.",
        "desc" : "hs.chooser object representing the Space chooser.",
        "notes" : [

        ],
        "signature" : "Spacer.spaceChooser",
        "type" : "Variable",
        "returns" : [

        ],
        "name" : "spaceChooser",
        "parameters" : [

        ]
      },
      {
        "def" : "Spacer.spaceNames",
        "stripped_doc" : [
          "Table with key-value mapping of Space ID to it's user set name."
        ],
        "doc" : "Table with key-value mapping of Space ID to it's user set name.",
        "desc" : "Table with key-value mapping of Space ID to it's user set name.",
        "notes" : [

        ],
        "signature" : "Spacer.spaceNames",
        "type" : "Variable",
        "returns" : [

        ],
        "name" : "spaceNames",
        "parameters" : [

        ]
      },
      {
        "def" : "Spacer.spaceWatcher",
        "stripped_doc" : [
          "hs.spaces.watcher instance used for monitoring for space changes."
        ],
        "doc" : "hs.spaces.watcher instance used for monitoring for space changes.",
        "desc" : "hs.spaces.watcher instance used for monitoring for space changes.",
        "notes" : [

        ],
        "signature" : "Spacer.spaceWatcher",
        "type" : "Variable",
        "returns" : [

        ],
        "name" : "spaceWatcher",
        "parameters" : [

        ]
      },
      {
        "def" : "Spacer:init()",
        "stripped_doc" : [
          "Spoon initializer method for Spacer.",
          ""
        ],
        "doc" : "Spoon initializer method for Spacer.\n\nParameters:\n * None\n\nReturns:\n * None",
        "desc" : "Spoon initializer method for Spacer.",
        "notes" : [

        ],
        "signature" : "Spacer:init()",
        "type" : "Method",
        "returns" : [
          " * None"
        ],
        "name" : "init",
        "parameters" : [
          " * None",
          ""
        ]
      },
      {
        "def" : "Spacer:start()",
        "stripped_doc" : [
          "Spoon start method for Spacer. Creates\/starts menu bar item and space watcher.",
          ""
        ],
        "doc" : "Spoon start method for Spacer. Creates\/starts menu bar item and space watcher.\n\nParameters:\n * None\n\nReturns:\n * None",
        "desc" : "Spoon start method for Spacer. Creates\/starts menu bar item and space watcher.",
        "notes" : [

        ],
        "signature" : "Spacer:start()",
        "type" : "Method",
        "returns" : [
          " * None"
        ],
        "name" : "start",
        "parameters" : [
          " * None",
          ""
        ]
      },
      {
        "def" : "Spacer:stop()",
        "stripped_doc" : [
          "Spoon stop method for Spacer. Deletes menu bar item and stops space watcher.",
          ""
        ],
        "doc" : "Spoon stop method for Spacer. Deletes menu bar item and stops space watcher.\n\nParameters:\n * None\n\nReturns:\n * None",
        "desc" : "Spoon stop method for Spacer. Deletes menu bar item and stops space watcher.",
        "notes" : [

        ],
        "signature" : "Spacer:stop()",
        "type" : "Method",
        "returns" : [
          " * None"
        ],
        "name" : "stop",
        "parameters" : [
          " * None",
          ""
        ]
      }
    ],
    "Command" : [

    ],
    "name" : "Spacer"
  }
]
