[
  {
    "Constant" : [

    ],
    "submodules" : [

    ],
    "Function" : [

    ],
    "Variable" : [
      {
        "doc" : "Logger object used within the Spoon. Can be accessed to set the default log \nlevel for the messages coming from the Spoon.",
        "stripped_doc" : [
          "Logger object used within the Spoon. Can be accessed to set the default log ",
          "level for the messages coming from the Spoon."
        ],
        "def" : "HotkeyApps.logger",
        "parameters" : [

        ],
        "notes" : [

        ],
        "signature" : "HotkeyApps.logger",
        "type" : "Variable",
        "returns" : [

        ],
        "desc" : "Logger object used within the Spoon. Can be accessed to set the default log",
        "name" : "logger"
      },
      {
        "doc" : "HotkeyApps specific log level override, see hs.logger.setLogLevel for options.",
        "stripped_doc" : [
          "HotkeyApps specific log level override, see hs.logger.setLogLevel for options."
        ],
        "def" : "HotkeyApps.logLevel",
        "parameters" : [

        ],
        "notes" : [

        ],
        "signature" : "HotkeyApps.logLevel",
        "type" : "Variable",
        "returns" : [

        ],
        "desc" : "HotkeyApps specific log level override, see hs.logger.setLogLevel for options.",
        "name" : "logLevel"
      }
    ],
    "stripped_doc" : [

    ],
    "Deprecated" : [

    ],
    "type" : "Module",
    "desc" : "Quickly ensure access to apps in the current Space via hotkeys.",
    "Constructor" : [

    ],
    "items" : [
      {
        "doc" : "HotkeyApps specific log level override, see hs.logger.setLogLevel for options.",
        "stripped_doc" : [
          "HotkeyApps specific log level override, see hs.logger.setLogLevel for options."
        ],
        "def" : "HotkeyApps.logLevel",
        "parameters" : [

        ],
        "notes" : [

        ],
        "signature" : "HotkeyApps.logLevel",
        "type" : "Variable",
        "returns" : [

        ],
        "desc" : "HotkeyApps specific log level override, see hs.logger.setLogLevel for options.",
        "name" : "logLevel"
      },
      {
        "doc" : "Logger object used within the Spoon. Can be accessed to set the default log \nlevel for the messages coming from the Spoon.",
        "stripped_doc" : [
          "Logger object used within the Spoon. Can be accessed to set the default log ",
          "level for the messages coming from the Spoon."
        ],
        "def" : "HotkeyApps.logger",
        "parameters" : [

        ],
        "notes" : [

        ],
        "signature" : "HotkeyApps.logger",
        "type" : "Variable",
        "returns" : [

        ],
        "desc" : "Logger object used within the Spoon. Can be accessed to set the default log",
        "name" : "logger"
      },
      {
        "doc" : "Bind method, binds all provided hotkeys to their app ensure callbacks.\n\nParameters:\n * mapping - Table of app -> hotkey mappings where app is the name of the\n   app in the EnsureApps config.\nReturns:\n * None",
        "stripped_doc" : [
          "Bind method, binds all provided hotkeys to their app ensure callbacks.",
          ""
        ],
        "def" : "HotkeyApps:bindHotkeys(mapping)",
        "parameters" : [
          " * mapping - Table of app -> hotkey mappings where app is the name of the",
          "   app in the EnsureApps config."
        ],
        "notes" : [

        ],
        "signature" : "HotkeyApps:bindHotkeys(mapping)",
        "type" : "Method",
        "returns" : [
          " * None"
        ],
        "desc" : "Bind method, binds all provided hotkeys to their app ensure callbacks.",
        "name" : "bindHotkeys"
      },
      {
        "doc" : "Spoon initializer method for EnsureApp.\n\nParameters:\n * None\n\nReturns:\n * None",
        "stripped_doc" : [
          "Spoon initializer method for EnsureApp.",
          ""
        ],
        "def" : "HotkeyApps:init()",
        "parameters" : [
          " * None",
          ""
        ],
        "notes" : [

        ],
        "signature" : "HotkeyApps:init()",
        "type" : "Method",
        "returns" : [
          " * None"
        ],
        "desc" : "Spoon initializer method for EnsureApp.",
        "name" : "init"
      }
    ],
    "Field" : [

    ],
    "Command" : [

    ],
    "doc" : "Quickly ensure access to apps in the current Space via hotkeys.\n\nDownload: https:\/\/github.com\/adammillerio\/Spoons\/raw\/main\/Spoons\/HotkeyApps.spoon.zip\n\nREADME with Example Usage: [README.md](https:\/\/github.com\/adammillerio\/HotkeyApps.spoon\/blob\/main\/README.md)",
    "Method" : [
      {
        "doc" : "Spoon initializer method for EnsureApp.\n\nParameters:\n * None\n\nReturns:\n * None",
        "stripped_doc" : [
          "Spoon initializer method for EnsureApp.",
          ""
        ],
        "def" : "HotkeyApps:init()",
        "parameters" : [
          " * None",
          ""
        ],
        "notes" : [

        ],
        "signature" : "HotkeyApps:init()",
        "type" : "Method",
        "returns" : [
          " * None"
        ],
        "desc" : "Spoon initializer method for EnsureApp.",
        "name" : "init"
      },
      {
        "doc" : "Bind method, binds all provided hotkeys to their app ensure callbacks.\n\nParameters:\n * mapping - Table of app -> hotkey mappings where app is the name of the\n   app in the EnsureApps config.\nReturns:\n * None",
        "stripped_doc" : [
          "Bind method, binds all provided hotkeys to their app ensure callbacks.",
          ""
        ],
        "def" : "HotkeyApps:bindHotkeys(mapping)",
        "parameters" : [
          " * mapping - Table of app -> hotkey mappings where app is the name of the",
          "   app in the EnsureApps config."
        ],
        "notes" : [

        ],
        "signature" : "HotkeyApps:bindHotkeys(mapping)",
        "type" : "Method",
        "returns" : [
          " * None"
        ],
        "desc" : "Bind method, binds all provided hotkeys to their app ensure callbacks.",
        "name" : "bindHotkeys"
      }
    ],
    "name" : "HotkeyApps"
  }
]
