[
  {
    "Constant" : [

    ],
    "submodules" : [

    ],
    "Function" : [

    ],
    "Variable" : [
      {
        "desc" : "Table containing each application's name and it's desired configuration. The",
        "def" : "MenuBarApps.apps",
        "stripped_doc" : [
          "Table containing each application's name and it's desired configuration. The",
          "key of each entry is the name of the App as it appears in the title bar, and",
          "the value is a configuration table with the following entries:",
          "    * title - String with title text to display in the menu bar icon itself",
          "    * app - Name of the application in EnsureApp config. ",
          "    * action - String with action to take on window when showing. See constants."
        ],
        "doc" : "Table containing each application's name and it's desired configuration. The\nkey of each entry is the name of the App as it appears in the title bar, and\nthe value is a configuration table with the following entries:\n    * title - String with title text to display in the menu bar icon itself\n    * app - Name of the application in EnsureApp config. \n    * action - String with action to take on window when showing. See constants.",
        "notes" : [

        ],
        "signature" : "MenuBarApps.apps",
        "type" : "Variable",
        "returns" : [

        ],
        "name" : "apps",
        "parameters" : [

        ]
      },
      {
        "desc" : "Logger object used within the Spoon. Can be accessed to set the default log",
        "def" : "MenuBarApps.logger",
        "stripped_doc" : [
          "Logger object used within the Spoon. Can be accessed to set the default log ",
          "level for the messages coming from the Spoon."
        ],
        "doc" : "Logger object used within the Spoon. Can be accessed to set the default log \nlevel for the messages coming from the Spoon.",
        "notes" : [

        ],
        "signature" : "MenuBarApps.logger",
        "type" : "Variable",
        "returns" : [

        ],
        "name" : "logger",
        "parameters" : [

        ]
      },
      {
        "desc" : "MenuBarApps specific log level override, see hs.logger.setLogLevel for options.",
        "def" : "MenuBarApps.logLevel",
        "stripped_doc" : [
          "MenuBarApps specific log level override, see hs.logger.setLogLevel for options."
        ],
        "doc" : "MenuBarApps specific log level override, see hs.logger.setLogLevel for options.",
        "notes" : [

        ],
        "signature" : "MenuBarApps.logLevel",
        "type" : "Variable",
        "returns" : [

        ],
        "name" : "logLevel",
        "parameters" : [

        ]
      },
      {
        "desc" : "Table containing references to all of the created menu bars.",
        "def" : "MenuBarApps.menuBars",
        "stripped_doc" : [
          "Table containing references to all of the created menu bars."
        ],
        "doc" : "Table containing references to all of the created menu bars.",
        "notes" : [

        ],
        "signature" : "MenuBarApps.menuBars",
        "type" : "Variable",
        "returns" : [

        ],
        "name" : "menuBars",
        "parameters" : [

        ]
      }
    ],
    "stripped_doc" : [

    ],
    "desc" : "Control applications from the macOS Menu Bar",
    "Deprecated" : [

    ],
    "type" : "Module",
    "Constructor" : [

    ],
    "Field" : [

    ],
    "Method" : [
      {
        "desc" : "Spoon initializer method for MenuBarApps.",
        "def" : "MenuBarApps:init()",
        "stripped_doc" : [
          "Spoon initializer method for MenuBarApps.",
          ""
        ],
        "doc" : "Spoon initializer method for MenuBarApps.\n\nParameters:\n * None\n\nReturns:\n * None",
        "notes" : [

        ],
        "signature" : "MenuBarApps:init()",
        "type" : "Method",
        "returns" : [
          " * None"
        ],
        "name" : "init",
        "parameters" : [
          " * None",
          ""
        ]
      },
      {
        "desc" : "Spoon start method for MenuBarApps. Creates all configured menu bars.",
        "def" : "MenuBarApps:start()",
        "stripped_doc" : [
          "Spoon start method for MenuBarApps. Creates all configured menu bars.",
          ""
        ],
        "doc" : "Spoon start method for MenuBarApps. Creates all configured menu bars.\n\nParameters:\n * None\n\nReturns:\n * None",
        "notes" : [

        ],
        "signature" : "MenuBarApps:start()",
        "type" : "Method",
        "returns" : [
          " * None"
        ],
        "name" : "start",
        "parameters" : [
          " * None",
          ""
        ]
      },
      {
        "desc" : "Spoon stop method for MenuBarApps. Deletes all configured menu bars.",
        "def" : "MenuBarApps:stop()",
        "stripped_doc" : [
          "Spoon stop method for MenuBarApps. Deletes all configured menu bars.",
          ""
        ],
        "doc" : "Spoon stop method for MenuBarApps. Deletes all configured menu bars.\n\nParameters:\n * None\n\nReturns:\n * None",
        "notes" : [

        ],
        "signature" : "MenuBarApps:stop()",
        "type" : "Method",
        "returns" : [
          " * None"
        ],
        "name" : "stop",
        "parameters" : [
          " * None",
          ""
        ]
      }
    ],
    "Command" : [

    ],
    "items" : [
      {
        "desc" : "Table containing each application's name and it's desired configuration. The",
        "def" : "MenuBarApps.apps",
        "stripped_doc" : [
          "Table containing each application's name and it's desired configuration. The",
          "key of each entry is the name of the App as it appears in the title bar, and",
          "the value is a configuration table with the following entries:",
          "    * title - String with title text to display in the menu bar icon itself",
          "    * app - Name of the application in EnsureApp config. ",
          "    * action - String with action to take on window when showing. See constants."
        ],
        "doc" : "Table containing each application's name and it's desired configuration. The\nkey of each entry is the name of the App as it appears in the title bar, and\nthe value is a configuration table with the following entries:\n    * title - String with title text to display in the menu bar icon itself\n    * app - Name of the application in EnsureApp config. \n    * action - String with action to take on window when showing. See constants.",
        "notes" : [

        ],
        "signature" : "MenuBarApps.apps",
        "type" : "Variable",
        "returns" : [

        ],
        "name" : "apps",
        "parameters" : [

        ]
      },
      {
        "desc" : "MenuBarApps specific log level override, see hs.logger.setLogLevel for options.",
        "def" : "MenuBarApps.logLevel",
        "stripped_doc" : [
          "MenuBarApps specific log level override, see hs.logger.setLogLevel for options."
        ],
        "doc" : "MenuBarApps specific log level override, see hs.logger.setLogLevel for options.",
        "notes" : [

        ],
        "signature" : "MenuBarApps.logLevel",
        "type" : "Variable",
        "returns" : [

        ],
        "name" : "logLevel",
        "parameters" : [

        ]
      },
      {
        "desc" : "Logger object used within the Spoon. Can be accessed to set the default log",
        "def" : "MenuBarApps.logger",
        "stripped_doc" : [
          "Logger object used within the Spoon. Can be accessed to set the default log ",
          "level for the messages coming from the Spoon."
        ],
        "doc" : "Logger object used within the Spoon. Can be accessed to set the default log \nlevel for the messages coming from the Spoon.",
        "notes" : [

        ],
        "signature" : "MenuBarApps.logger",
        "type" : "Variable",
        "returns" : [

        ],
        "name" : "logger",
        "parameters" : [

        ]
      },
      {
        "desc" : "Table containing references to all of the created menu bars.",
        "def" : "MenuBarApps.menuBars",
        "stripped_doc" : [
          "Table containing references to all of the created menu bars."
        ],
        "doc" : "Table containing references to all of the created menu bars.",
        "notes" : [

        ],
        "signature" : "MenuBarApps.menuBars",
        "type" : "Variable",
        "returns" : [

        ],
        "name" : "menuBars",
        "parameters" : [

        ]
      },
      {
        "desc" : "Spoon initializer method for MenuBarApps.",
        "def" : "MenuBarApps:init()",
        "stripped_doc" : [
          "Spoon initializer method for MenuBarApps.",
          ""
        ],
        "doc" : "Spoon initializer method for MenuBarApps.\n\nParameters:\n * None\n\nReturns:\n * None",
        "notes" : [

        ],
        "signature" : "MenuBarApps:init()",
        "type" : "Method",
        "returns" : [
          " * None"
        ],
        "name" : "init",
        "parameters" : [
          " * None",
          ""
        ]
      },
      {
        "desc" : "Spoon start method for MenuBarApps. Creates all configured menu bars.",
        "def" : "MenuBarApps:start()",
        "stripped_doc" : [
          "Spoon start method for MenuBarApps. Creates all configured menu bars.",
          ""
        ],
        "doc" : "Spoon start method for MenuBarApps. Creates all configured menu bars.\n\nParameters:\n * None\n\nReturns:\n * None",
        "notes" : [

        ],
        "signature" : "MenuBarApps:start()",
        "type" : "Method",
        "returns" : [
          " * None"
        ],
        "name" : "start",
        "parameters" : [
          " * None",
          ""
        ]
      },
      {
        "desc" : "Spoon stop method for MenuBarApps. Deletes all configured menu bars.",
        "def" : "MenuBarApps:stop()",
        "stripped_doc" : [
          "Spoon stop method for MenuBarApps. Deletes all configured menu bars.",
          ""
        ],
        "doc" : "Spoon stop method for MenuBarApps. Deletes all configured menu bars.\n\nParameters:\n * None\n\nReturns:\n * None",
        "notes" : [

        ],
        "signature" : "MenuBarApps:stop()",
        "type" : "Method",
        "returns" : [
          " * None"
        ],
        "name" : "stop",
        "parameters" : [
          " * None",
          ""
        ]
      }
    ],
    "doc" : "Control applications from the macOS Menu Bar \n\nDownload: https:\/\/github.com\/adammillerio\/Spoons\/raw\/main\/Spoons\/MenuBarApps.spoon.zip\n\nREADME with Example Usage: [README.md](https:\/\/github.com\/adammillerio\/MenuBarApps.spoon\/blob\/main\/README.md)",
    "name" : "MenuBarApps"
  }
]
