[
  {
    "Constant" : [
      {
        "doc" : "Move the window to appear under the menu bar item as if it were a menu.",
        "stripped_doc" : [
          "Move the window to appear under the menu bar item as if it were a menu."
        ],
        "desc" : "Move the window to appear under the menu bar item as if it were a menu.",
        "parameters" : [

        ],
        "notes" : [

        ],
        "signature" : "MenuBarApps.action.move",
        "type" : "Constant",
        "returns" : [

        ],
        "def" : "MenuBarApps.action.move",
        "name" : "action"
      },
      {
        "doc" : "Maximize the application on the current space if it is not maximized already.",
        "stripped_doc" : [
          "Maximize the application on the current space if it is not maximized already."
        ],
        "desc" : "Maximize the application on the current space if it is not maximized already.",
        "parameters" : [

        ],
        "notes" : [

        ],
        "signature" : "MenuBarApps.action.maximize",
        "type" : "Constant",
        "returns" : [

        ],
        "def" : "MenuBarApps.action.maximize",
        "name" : "action"
      }
    ],
    "submodules" : [

    ],
    "Function" : [

    ],
    "Variable" : [
      {
        "doc" : "Table containing each application's name and it's desired configuration. The\nkey of each entry is the name of the App as it appears in the title bar, and\nthe value is a configuration table with the following entries:\n    * title - String with title text to display in the menu bar icon itself\n    * action - String with action to take on window when showing. See constants.",
        "stripped_doc" : [
          "Table containing each application's name and it's desired configuration. The",
          "key of each entry is the name of the App as it appears in the title bar, and",
          "the value is a configuration table with the following entries:",
          "    * title - String with title text to display in the menu bar icon itself",
          "    * action - String with action to take on window when showing. See constants."
        ],
        "desc" : "Table containing each application's name and it's desired configuration. The",
        "parameters" : [

        ],
        "notes" : [

        ],
        "signature" : "MenuBarApps.apps",
        "type" : "Variable",
        "returns" : [

        ],
        "def" : "MenuBarApps.apps",
        "name" : "apps"
      },
      {
        "doc" : "Logger object used within the Spoon. Can be accessed to set the default log \nlevel for the messages coming from the Spoon.",
        "stripped_doc" : [
          "Logger object used within the Spoon. Can be accessed to set the default log ",
          "level for the messages coming from the Spoon."
        ],
        "desc" : "Logger object used within the Spoon. Can be accessed to set the default log",
        "parameters" : [

        ],
        "notes" : [

        ],
        "signature" : "MenuBarApps.logger",
        "type" : "Variable",
        "returns" : [

        ],
        "def" : "MenuBarApps.logger",
        "name" : "logger"
      },
      {
        "doc" : "MenuBarApps specific log level override, see hs.logger.setLogLevel for options.",
        "stripped_doc" : [
          "MenuBarApps specific log level override, see hs.logger.setLogLevel for options."
        ],
        "desc" : "MenuBarApps specific log level override, see hs.logger.setLogLevel for options.",
        "parameters" : [

        ],
        "notes" : [

        ],
        "signature" : "MenuBarApps.logLevel",
        "type" : "Variable",
        "returns" : [

        ],
        "def" : "MenuBarApps.logLevel",
        "name" : "logLevel"
      },
      {
        "doc" : "Table containing references to all of the created menu bars.",
        "stripped_doc" : [
          "Table containing references to all of the created menu bars."
        ],
        "desc" : "Table containing references to all of the created menu bars.",
        "parameters" : [

        ],
        "notes" : [

        ],
        "signature" : "MenuBarApps.menuBars",
        "type" : "Variable",
        "returns" : [

        ],
        "def" : "MenuBarApps.menuBars",
        "name" : "menuBars"
      },
      {
        "doc" : "hs.timer for moving an app's first window after being opened via MenuBarApps.\nThis behavior can be disabled by setting disableOpen=true on the app config.",
        "stripped_doc" : [
          "hs.timer for moving an app's first window after being opened via MenuBarApps.",
          "This behavior can be disabled by setting disableOpen=true on the app config."
        ],
        "desc" : "hs.timer for moving an app's first window after being opened via MenuBarApps.",
        "parameters" : [

        ],
        "notes" : [

        ],
        "signature" : "MenuBarApps.menuBarOpenTimer",
        "type" : "Variable",
        "returns" : [

        ],
        "def" : "MenuBarApps.menuBarOpenTimer",
        "name" : "menuBarOpenTimer"
      }
    ],
    "stripped_doc" : [

    ],
    "desc" : "Control applications from the macOS Menu Bar",
    "type" : "Module",
    "Deprecated" : [

    ],
    "Constructor" : [

    ],
    "doc" : "Control applications from the macOS Menu Bar \n\nDownload: https:\/\/github.com\/adammillerio\/Spoons\/raw\/main\/Spoons\/MenuBarApps.spoon.zip\n\nREADME with Example Usage: [README.md](https:\/\/github.com\/adammillerio\/MenuBarApps.spoon\/blob\/main\/README.md)",
    "items" : [
      {
        "doc" : "Move the window to appear under the menu bar item as if it were a menu.",
        "stripped_doc" : [
          "Move the window to appear under the menu bar item as if it were a menu."
        ],
        "desc" : "Move the window to appear under the menu bar item as if it were a menu.",
        "parameters" : [

        ],
        "notes" : [

        ],
        "signature" : "MenuBarApps.action.move",
        "type" : "Constant",
        "returns" : [

        ],
        "def" : "MenuBarApps.action.move",
        "name" : "action"
      },
      {
        "doc" : "Maximize the application on the current space if it is not maximized already.",
        "stripped_doc" : [
          "Maximize the application on the current space if it is not maximized already."
        ],
        "desc" : "Maximize the application on the current space if it is not maximized already.",
        "parameters" : [

        ],
        "notes" : [

        ],
        "signature" : "MenuBarApps.action.maximize",
        "type" : "Constant",
        "returns" : [

        ],
        "def" : "MenuBarApps.action.maximize",
        "name" : "action"
      },
      {
        "doc" : "Table containing each application's name and it's desired configuration. The\nkey of each entry is the name of the App as it appears in the title bar, and\nthe value is a configuration table with the following entries:\n    * title - String with title text to display in the menu bar icon itself\n    * action - String with action to take on window when showing. See constants.",
        "stripped_doc" : [
          "Table containing each application's name and it's desired configuration. The",
          "key of each entry is the name of the App as it appears in the title bar, and",
          "the value is a configuration table with the following entries:",
          "    * title - String with title text to display in the menu bar icon itself",
          "    * action - String with action to take on window when showing. See constants."
        ],
        "desc" : "Table containing each application's name and it's desired configuration. The",
        "parameters" : [

        ],
        "notes" : [

        ],
        "signature" : "MenuBarApps.apps",
        "type" : "Variable",
        "returns" : [

        ],
        "def" : "MenuBarApps.apps",
        "name" : "apps"
      },
      {
        "doc" : "MenuBarApps specific log level override, see hs.logger.setLogLevel for options.",
        "stripped_doc" : [
          "MenuBarApps specific log level override, see hs.logger.setLogLevel for options."
        ],
        "desc" : "MenuBarApps specific log level override, see hs.logger.setLogLevel for options.",
        "parameters" : [

        ],
        "notes" : [

        ],
        "signature" : "MenuBarApps.logLevel",
        "type" : "Variable",
        "returns" : [

        ],
        "def" : "MenuBarApps.logLevel",
        "name" : "logLevel"
      },
      {
        "doc" : "Logger object used within the Spoon. Can be accessed to set the default log \nlevel for the messages coming from the Spoon.",
        "stripped_doc" : [
          "Logger object used within the Spoon. Can be accessed to set the default log ",
          "level for the messages coming from the Spoon."
        ],
        "desc" : "Logger object used within the Spoon. Can be accessed to set the default log",
        "parameters" : [

        ],
        "notes" : [

        ],
        "signature" : "MenuBarApps.logger",
        "type" : "Variable",
        "returns" : [

        ],
        "def" : "MenuBarApps.logger",
        "name" : "logger"
      },
      {
        "doc" : "hs.timer for moving an app's first window after being opened via MenuBarApps.\nThis behavior can be disabled by setting disableOpen=true on the app config.",
        "stripped_doc" : [
          "hs.timer for moving an app's first window after being opened via MenuBarApps.",
          "This behavior can be disabled by setting disableOpen=true on the app config."
        ],
        "desc" : "hs.timer for moving an app's first window after being opened via MenuBarApps.",
        "parameters" : [

        ],
        "notes" : [

        ],
        "signature" : "MenuBarApps.menuBarOpenTimer",
        "type" : "Variable",
        "returns" : [

        ],
        "def" : "MenuBarApps.menuBarOpenTimer",
        "name" : "menuBarOpenTimer"
      },
      {
        "doc" : "Table containing references to all of the created menu bars.",
        "stripped_doc" : [
          "Table containing references to all of the created menu bars."
        ],
        "desc" : "Table containing references to all of the created menu bars.",
        "parameters" : [

        ],
        "notes" : [

        ],
        "signature" : "MenuBarApps.menuBars",
        "type" : "Variable",
        "returns" : [

        ],
        "def" : "MenuBarApps.menuBars",
        "name" : "menuBars"
      },
      {
        "doc" : "Spoon initializer method for MenuBarApps.\n\nParameters:\n * None\n\nReturns:\n * None",
        "stripped_doc" : [
          "Spoon initializer method for MenuBarApps.",
          ""
        ],
        "desc" : "Spoon initializer method for MenuBarApps.",
        "parameters" : [
          " * None",
          ""
        ],
        "notes" : [

        ],
        "signature" : "MenuBarApps:init()",
        "type" : "Method",
        "returns" : [
          " * None"
        ],
        "def" : "MenuBarApps:init()",
        "name" : "init"
      },
      {
        "doc" : "Spoon start method for MenuBarApps. Creates all configured menu bars.\n\nParameters:\n * None\n\nReturns:\n * None",
        "stripped_doc" : [
          "Spoon start method for MenuBarApps. Creates all configured menu bars.",
          ""
        ],
        "desc" : "Spoon start method for MenuBarApps. Creates all configured menu bars.",
        "parameters" : [
          " * None",
          ""
        ],
        "notes" : [

        ],
        "signature" : "MenuBarApps:start()",
        "type" : "Method",
        "returns" : [
          " * None"
        ],
        "def" : "MenuBarApps:start()",
        "name" : "start"
      },
      {
        "doc" : "Spoon stop method for MenuBarApps. Deletes all configured menu bars.\n\nParameters:\n * None\n\nReturns:\n * None",
        "stripped_doc" : [
          "Spoon stop method for MenuBarApps. Deletes all configured menu bars.",
          ""
        ],
        "desc" : "Spoon stop method for MenuBarApps. Deletes all configured menu bars.",
        "parameters" : [
          " * None",
          ""
        ],
        "notes" : [

        ],
        "signature" : "MenuBarApps:stop()",
        "type" : "Method",
        "returns" : [
          " * None"
        ],
        "def" : "MenuBarApps:stop()",
        "name" : "stop"
      }
    ],
    "Command" : [

    ],
    "Field" : [

    ],
    "Method" : [
      {
        "doc" : "Spoon initializer method for MenuBarApps.\n\nParameters:\n * None\n\nReturns:\n * None",
        "stripped_doc" : [
          "Spoon initializer method for MenuBarApps.",
          ""
        ],
        "desc" : "Spoon initializer method for MenuBarApps.",
        "parameters" : [
          " * None",
          ""
        ],
        "notes" : [

        ],
        "signature" : "MenuBarApps:init()",
        "type" : "Method",
        "returns" : [
          " * None"
        ],
        "def" : "MenuBarApps:init()",
        "name" : "init"
      },
      {
        "doc" : "Spoon start method for MenuBarApps. Creates all configured menu bars.\n\nParameters:\n * None\n\nReturns:\n * None",
        "stripped_doc" : [
          "Spoon start method for MenuBarApps. Creates all configured menu bars.",
          ""
        ],
        "desc" : "Spoon start method for MenuBarApps. Creates all configured menu bars.",
        "parameters" : [
          " * None",
          ""
        ],
        "notes" : [

        ],
        "signature" : "MenuBarApps:start()",
        "type" : "Method",
        "returns" : [
          " * None"
        ],
        "def" : "MenuBarApps:start()",
        "name" : "start"
      },
      {
        "doc" : "Spoon stop method for MenuBarApps. Deletes all configured menu bars.\n\nParameters:\n * None\n\nReturns:\n * None",
        "stripped_doc" : [
          "Spoon stop method for MenuBarApps. Deletes all configured menu bars.",
          ""
        ],
        "desc" : "Spoon stop method for MenuBarApps. Deletes all configured menu bars.",
        "parameters" : [
          " * None",
          ""
        ],
        "notes" : [

        ],
        "signature" : "MenuBarApps:stop()",
        "type" : "Method",
        "returns" : [
          " * None"
        ],
        "def" : "MenuBarApps:stop()",
        "name" : "stop"
      }
    ],
    "name" : "MenuBarApps"
  }
]
